MNG dose (mcg by ml),cell N,nucleus N,Area (px),Perimeter (px),Circularity,Height (px),Width (px),Gray Value (min),Gray Value (max),Gray Value (Mean),Gray Value (Median),Integrated Density
0,1,1,967,120.376154,0.838601,36,34,34,94,48.741468,46,47133
0,1,2,1105,130.7193,0.81263,36,38,33,117,51.257014,47,56639
0,2,1,1824,164.760931,0.844357,50,46,26,98,43.122807,40,78656
0,2,2,2327,185.63961,0.848526,56,50,31,106,47.729265,45,111066
0,3,1,1240,136.083261,0.841438,42,36,34,99,51.979839,50,64455
0,3,2,1285,136.275649,0.869514,40,40,33,99,52.446693,50,67394
0,4,1,1313,138.325902,0.862318,40,40,37,126,64.680883,61,84926
0,4,2,1491,150.325902,0.829125,42,44,30,97,48.128102,45,71759
0,5,1,1086,126.325902,0.855175,38,36,36,112,54.415285,51,59095
0,5,2,1060,124.669048,0.857035,38,34,33,94,48.286792,46,51184
0,6,1,1192,132.376154,0.854804,38,38,23,108,36.986577,34,44088
0,6,2,1021,122.426407,0.856023,34,36,30,121,48.352595,45,49368
0,7,1,863,111.59798,0.870779,32,32,28,93,42.716107,40,36864
0,7,2,765,107.84062,0.826621,33,30,28,97,42.360784,39,32406
0,8,1,1391,141.447222,0.873671,40,42,44,133,74.832495,72,104092
0,8,2,1305,141.547727,0.818492,40,40,34,119,59.783908,55,78018
0,9,1,1773,164.861436,0.819748,48,46,26,98,44.532995,43,78957
0,9,2,1584,153.154329,0.848607,42,46,30,110,53.126894,49,84153
0,10,1,1849,166.325902,0.839899,44,50,30,92,49.011357,46,90622
0,10,2,2116,179.39697,0.826219,48,54,28,88,42.844991,40,90660
0,11,1,1306,140.083261,0.836336,38,42,35,115,54.517611,51,71200
0,11,2,1406,144.568542,0.845371,44,40,36,105,54.984353,52,77308
0,12,1,1287,138.911688,0.838129,42,38,37,103,54.490287,52,70129
0,12,2,1170,129.689863,0.874145,39,38,36,114,53.851282,50,63006
0,13,1,1860,167.689863,0.831207,48,48,31,133,52.736022,47,98089
0,13,2,1053,127.012193,0.820252,36,36,34,94,50.927825,49,53627
0,14,1,1157,130.325902,0.856016,38,38,35,98,52.132239,50,60317
0,14,2,1169,133.84062,0.820065,38,38,33,107,50.45509,48,58982
0,15,1,1285,138.033009,0.847514,38,42,23,87,37.655253,35,48387
0,15,2,1019,124.961941,0.820028,36,36,21,87,32.609421,30,33229
0,16,1,1024,124.083261,0.835764,36,36,32,110,51.175781,49,52404
0,16,2,1444,148.618795,0.821542,42,43,35,104,52.898199,51,76385
0,17,1,1105,126.426407,0.868753,38,34,22,113,36.349321,31,40166
0,17,2,1143,130.911688,0.838107,38,38,30,114,55.333333,51,63246
0,18,1,1531,156.568542,0.784831,48,42,44,127,65.781842,62,100712
0,18,2,1383,146.911688,0.805229,44,40,38,118,62.204628,59,86029
0,19,1,774,107.012193,0.849345,30,32,25,81,40.478036,37,31330
0,19,2,752,105.355339,0.851363,30,30,26,72,39.175532,36,29460
0,20,1,998,120.083261,0.869712,34,36,30,94,47.159319,45,47065
0,20,2,937,116.376154,0.869404,34,34,30,101,47.210245,44,44236
0,21,1,1225,136.961941,0.820628,39,38,33,106,51.278367,48,62816
0,21,2,1089,127.59798,0.840524,34,38,27,99,42.307622,36,46073
0,22,1,984,120.183766,0.856078,34,34,37,97,53.361789,51,52508
0,22,2,1945,174.911688,0.798899,54,44,30,112,47.332134,44,92061
0,23,1,1604,153.740115,0.852786,44,44,22,98,34.328554,32,55063
0,23,2,1767,161.346717,0.852955,48,46,20,108,34.89983,31,61668
0,24,1,1310,137.447222,0.871383,40,40,19,83,32.567176,30,42663
0,24,2,1252,135.790368,0.85325,40,38,20,92,30.874601,29,38655
0,25,1,1436,146.618795,0.839431,42,42,36,122,56.836351,54,81617
0,25,2,1340,141.740115,0.838164,40,42,30,121,51.650746,49,69212
0,26,1,1366,141.154329,0.861533,42,40,26,89,42.103221,39,57513
0,26,2,943,117.84062,0.853358,36,32,24,85,36.838812,34,34739
0,27,1,1770,164.275649,0.824208,47,47,20,79,30.319209,29,53665
0,27,2,1568,157.740115,0.791902,48,42,19,68,29.371173,27,46054
0,28,1,1006,120.911688,0.864712,35,36,28,122,41.573559,38,41823
0,28,2,1166,130.325902,0.862674,38,38,26,107,38.811321,36,45254
0,29,1,1344,142.618795,0.830339,40,42,26,108,45.327381,42,60920
0,29,2,1053,127.012193,0.820252,36,36,24,99,40.358025,36,42497
0,30,1,1095,127.497475,0.846488,38,36,31,98,48.215525,46,52796
0,30,2,995,121.547727,0.846329,34,36,28,107,45.064322,43,44839
0,31,1,798,110.426407,0.822369,32,32,24,88,35.914787,33,28660
0,31,2,908,116.376154,0.842496,32,36,22,73,34.451542,33,31282
0,32,1,1147,128.083261,0.878595,36,38,31,78,45.231909,44,51881
0,32,2,1050,126.133514,0.829351,36,36,27,104,45.002857,43,47253
0,33,1,1188,131.497475,0.863359,38,38,22,107,35.924242,33,42678
0,33,2,1276,138.033009,0.841578,42,38,23,113,39.19906,36,50018
0,34,1,1026,125.254834,0.821804,40,32,27,87,41.285575,39,42359
0,34,2,1053,127.790368,0.810293,38,36,30,71,43.02944,41,45310
0,35,1,1247,136.083261,0.846188,38,40,19,95,33.340016,31,41575
0,35,2,1312,137.740115,0.869006,44,36,23,98,34.871951,32,45752
0,36,1,1285,138.426407,0.842704,36,42,21,77,31.320623,28,40247
0,36,2,1105,127.890873,0.848971,34,38,19,81,28.900452,26,31935
0,37,1,1391,146.911688,0.809887,42,42,26,108,45.197699,41,62870
0,37,2,1374,141.154329,0.866579,40,42,28,112,43.967249,39,60411
0,38,1,1799,164.861436,0.831769,46,48,35,100,50.415787,49,90698
0,38,2,1921,174.133514,0.796109,40,56,36,108,54.672046,52,105025
0,39,1,1011,123.204581,0.836965,36,36,31,89,48.281899,46,48813
0,39,2,956,120.476659,0.827679,34,34,32,94,48.754184,47,46609
0,40,1,2161,179.589358,0.841983,52,52,45,122,67.114762,64,145035
0,40,2,2609,199.195959,0.826272,54,62,49,131,71.561135,68,186703
0,41,1,1956,174.811183,0.804341,48,52,40,119,64.663088,61,126481
0,41,2,1997,175.104076,0.818456,50,50,40,114,63.47972,61,126769
0,42,1,3106,225.539105,0.767304,78,50,27,95,46.668384,44,144952
0,42,2,1413,146.325902,0.829296,44,40,26,83,42.68719,41,60317
0,43,1,1656,158.325902,0.830169,46,44,31,104,48.917874,47,81008
0,43,2,1666,156.568542,0.854035,44,46,31,107,49.19928,47,81966
0,44,1,2101,178.417785,0.829392,54,50,28,112,48.690624,45,102299
0,44,2,2234,180.175144,0.864775,52,52,32,108,49.238138,46,109998
0,45,1,1440,146.618795,0.841769,42,42,39,107,59.547222,57,85748
0,45,2,1280,135.790368,0.872332,38,40,39,114,61.522656,58,78749
0,46,1,2015,172.760931,0.848387,48,52,32,119,54.223325,50,109260
0,46,2,1916,172.225397,0.811729,48,51,30,117,49.552192,45,94942
0,47,1,2172,182.225397,0.821962,52,52,29,110,51.122007,46,111037
0,47,2,1942,170.811183,0.836424,50,48,28,100,45.42379,42,88213
0,48,1,1248,138.51829,0.817354,40,42,31,116,51.127404,48,63807
0,48,2,2616,203.003571,0.797701,56,60,29,132,53.618884,48,140267
0,49,1,2153,177.63961,0.857382,52,50,30,108,52.252671,49,112500
0,49,2,1955,174.710678,0.804855,50,52,36,105,50.956522,46,99620
0,50,1,1184,131.497475,0.860452,38,38,26,99,40.271115,37,47681
0,50,2,1175,132.961941,0.835205,38,38,26,84,39.75234,37,46709
0,51,1,1755,161.932504,0.841044,46,48,50,142,74.445584,70,130652
0,51,2,1928,168.660426,0.851708,48,52,46,140,72.384855,68,139558
0,52,1,1359,141.154329,0.857119,42,40,33,127,56.935247,52,77375
0,52,2,1644,158.033009,0.827211,44,46,26,114,46.026156,43,75667
0,53,1,817,114.133514,0.788144,36,30,34,111,51.430845,47,42019
0,53,2,1209,136.961941,0.809909,38,40,30,92,48.259719,46,58346
0,54,1,842,110.426407,0.867713,34,30,29,91,42.811164,40,36047
0,54,2,810,109.84062,0.843663,34,30,29,93,42.428395,39,34367
0,55,1,2115,182.51829,0.797825,54,50,24,93,43.501182,41,92005
0,55,2,1616,153.63961,0.86029,44,46,23,94,40.462252,37,65387
0,56,1,1315,140.083261,0.842099,42,38,24,77,37.180228,35,48892
0,56,2,1309,138.325902,0.859691,42,38,24,130,40.198625,35,52620
0,57,1,1146,132.669048,0.818192,38,38,32,95,51.046248,49,58499
0,57,2,1168,132.476659,0.836323,36,38,30,101,48.514555,46,56665
0,58,1,1382,144.669048,0.829787,42,40,23,102,52.75398,51,72906
0,58,2,1345,143.497475,0.820812,42,40,27,95,44.823792,42,60288
0,59,1,878,114.7193,0.838362,34,32,24,77,37.854214,36,33236
0,59,2,1040,124.376154,0.844829,36,36,27,106,43.907692,40,45664
0,60,1,993,122.426407,0.832547,36,34,33,117,54.560926,49,54179
0,60,2,1024,125.012193,0.823389,34,37,32,136,54.555664,51,55865
0,61,1,1138,131.204581,0.830719,38,38,30,87,48.249561,46,54908
0,61,2,1124,132.033009,0.810235,38,39,29,91,47.609431,45,53513
0,62,1,1430,145.154329,0.852876,42,42,34,108,53.141259,49,75992
0,62,2,1423,143.982756,0.862569,42,42,30,100,48.983134,46,69703
0,63,1,1411,146.618795,0.824817,44,40,35,90,50.007796,48,70561
0,63,2,1279,138.033009,0.843557,42,38,32,80,46.701329,45,59731
0,64,1,1988,173.740115,0.827611,50,48,33,110,47.960765,45,95346
0,64,2,1982,176.083261,0.803299,50,48,34,89,50.253784,48,99603
0,65,1,2120,180.175144,0.820646,50,54,44,106,63.163208,60,133906
0,65,2,1813,166.911688,0.817776,44,50,39,113,59.323221,54,107553
0,66,1,1267,136.376154,0.856071,38,40,35,100,55.534333,52,70362
0,66,2,1393,146.426407,0.816436,40,42,36,117,56.650395,53,78914
0,67,1,2253,185.053824,0.826751,54,52,33,136,57.285841,51,129065
0,67,2,1726,162.033009,0.826121,44,48,30,102,48.334878,44,83426
0,68,1,1386,145.154329,0.826634,44,40,30,98,46.612554,44,64605
0,68,2,1297,135.982756,0.881419,40,40,26,104,42.316885,39,54885
0,69,1,1098,129.84062,0.818448,36,38,28,99,44.09745,42,48419
0,69,2,1174,136.083261,0.796652,38,40,30,125,47.744463,44,56052
0,70,1,992,120.669048,0.85611,34,36,27,89,44.315524,42,43961
0,70,2,947,117.84062,0.856978,34,34,26,88,42.104541,40,39873
0,71,1,1854,167.104076,0.834345,52,44,42,125,68.094391,65,126247
0,71,2,1444,147.497475,0.83408,42,42,31,111,54.043629,51,78039
0,72,1,1051,123.790368,0.861864,34,38,26,106,43.486204,40,45704
0,72,2,1095,128.083261,0.838763,36,38,27,107,45.76621,43,50114
0,73,1,1430,147.689863,0.823843,44,42,26,89,42.732168,40,61107
0,73,2,1466,148.175144,0.83906,44,43,29,93,44.306276,42,64953
0,74,1,1395,149.204581,0.787444,46,39,34,97,51.687455,48,72104
0,74,2,1110,128.275649,0.847704,38,38,34,106,53.100901,49,58942
0,75,1,1050,124.7193,0.848266,35,36,21,96,40.205714,37,42216
0,75,2,973,121.84062,0.823642,34,36,24,90,41.193217,38,40081
0,76,1,921,121.547727,0.783386,36,34,29,79,41.248643,40,37990
0,76,2,966,121.254834,0.825636,34,36,33,88,47.825052,46,46199
0,77,1,901,115.890873,0.843017,32,34,27,88,46.886792,45,42245
0,77,2,924,117.790368,0.836878,32,37,30,95,45.34632,43,41900
0,78,1,1149,132.083261,0.827626,36,40,21,107,37.827676,32,43464
0,78,2,1342,140.175144,0.858263,42,42,21,113,40.783159,35,54731
0,79,1,2138,179.003571,0.838483,54,50,22,100,34.643124,32,74067
0,79,2,1343,142.618795,0.829722,42,40,24,89,36.687267,35,49271
0,80,1,1122,130.133514,0.832577,36,38,23,66,33,32,37026
0,80,2,1104,130.911688,0.80951,36,40,24,107,37.21558,34,41086
0,81,1,813,111.59798,0.820328,30,34,31,103,43.773678,41,35588
0,81,2,1096,128.861436,0.82942,36,40,26,103,38.952555,36,42692
0,82,1,667,97.84062,0.875583,29,29,34,98,49.676162,47,33134
0,82,2,890,117.84062,0.805397,34,34,24,74,36.969663,34,32903
0,83,1,1184,134.568542,0.821627,38,41,21,93,33.230574,31,39345
0,83,2,1121,130.618795,0.825665,38,38,21,104,33.697591,31,37775
0,84,1,1023,128.083261,0.783611,36,38,29,88,41.225806,39,42174
0,84,2,1031,122.426407,0.864407,36,34,25,98,41.118332,38,42393
0,85,1,1122,130.133514,0.832577,36,38,20,84,31.204991,28,35012
0,85,2,1589,162.618795,0.755079,44,48,20,99,31.549402,28,50132
0,86,1,1229,138.426407,0.805979,40,38,22,93,35.517494,32,43651
0,86,2,1274,137.204581,0.850437,40,39,22,88,35.636578,34,45401
0,87,1,715,103.305087,0.841923,30,30,23,79,37.476923,34,26796
0,87,2,955,120.961941,0.820192,34,36,24,94,37.894241,34,36189
0,88,1,1590,152.376154,0.860544,42,44,19,85,32.292453,30,51345
0,88,2,1568,154.811183,0.82215,44,46,20,100,36.124362,34,56643
0,89,1,1142,130.426407,0.843616,36,38,28,96,46.129597,44,52680
0,89,2,813,110.7193,0.8334,32,32,24,98,38.263223,35,31108
0,90,1,912,113.547727,0.88889,32,34,26,88,43.685307,41,39841
0,90,2,1030,125.84062,0.817345,36,36,30,85,45.096117,42,46449
0,91,1,1550,154.911688,0.811658,42,46,26,94,41.515484,39,64349
0,91,2,1109,129.254834,0.834157,36,38,35,110,56.165014,53,62287
0,92,1,1443,146.861436,0.840738,45,40,24,106,52.036729,50,75089
0,92,2,1213,135.497475,0.830249,41,37,37,118,58.014839,54,70372
0,93,1,1310,140.083261,0.838897,42,38,31,103,51.494656,50,67458
0,93,2,1410,147.497475,0.814441,44,40,37,107,52.361702,49,73830
0,94,1,1211,133.547727,0.853259,36,40,31,97,48.487201,47,58718
0,94,2,1165,131.204581,0.850428,38,38,29,82,44.621459,44,51984
0,95,1,706,102.133514,0.850507,30,30,26,67,34.912181,33,24648
0,95,2,760,108.7193,0.807998,32,31,29,81,40.414474,38,30715
0,96,1,1703,161.740115,0.818067,44,48,21,85,37.244862,35,63428
0,96,2,1697,158.225397,0.851803,46,46,22,110,39.307602,37,66705
0,97,1,818,110.7193,0.838526,32,32,30,108,46.235941,42,37821
0,97,2,1026,125.84062,0.814171,36,36,32,121,53.699805,49,55096
0,98,1,1204,134.033009,0.842195,38,40,26,102,43.165282,40,51971
0,98,2,1155,128.568542,0.878056,38,38,26,103,43.223377,40,49923
0,99,1,998,122.426407,0.836739,36,34,29,75,42.356713,41,42272
0,99,2,964,118.618795,0.860954,36,34,26,86,40.321577,38,38870
0,100,1,1879,169.154329,0.825221,48,48,36,119,59.430548,56,111670
0,100,2,1642,158.225397,0.824196,46,46,27,117,55.658343,52,91391
0.75,1,1,1825,165.346717,0.838845,54,42,18,80,33.892603,32,61854
0.75,1,2,1889,168.861436,0.832494,56,40,20,104,40.706194,38,76894
0.75,2,1,721,103.305087,0.848988,32,28,22,69,34.202497,33,24660
0.75,2,2,882,114.7193,0.842181,34,32,24,100,39.706349,37,35021
0.75,3,1,1706,160.175144,0.8356,44,50,23,95,37.349355,34,63718
0.75,3,2,1563,149.195959,0.882378,50,41,18,92,34.880998,32,54519
0.75,4,1,2062,175.003571,0.846067,52,50,37,95,56.404947,54,116307
0.75,4,2,1731,163.104076,0.817669,52,42,28,104,50.616407,49,87617
0.75,5,1,822,107.890873,0.887385,30,32,22,85,34.512165,31,28369
0.75,5,2,981,122.7193,0.818565,34,36,24,75,38.044852,36,37322
0.75,6,1,1313,141.447222,0.824681,38,44,28,79,42.063976,40,55230
0.75,6,2,1447,147.204581,0.839143,38,46,29,81,42.478922,41,61467
0.75,7,1,1272,138.760931,0.830161,43,40,16,62,30.068396,26,38247
0.75,7,2,1574,157.447222,0.797893,36,54,17,78,29.32338,27,46155
0.75,8,1,1215,139.204581,0.787914,44,36,18,79,28.883951,26,35094
0.75,8,2,1459,148.568542,0.830637,46,40,19,95,34.921179,31,50950
0.75,9,1,1145,131.012193,0.838285,42,32,31,77,43.00524,41,49241
0.75,9,2,1226,142.618795,0.757438,48,34,29,85,41.96248,40,51446
0.75,10,1,1447,147.790368,0.832504,42,42,39,116,62.510021,59,90452
0.75,10,2,1345,144.376154,0.810851,42,40,36,116,55.810409,51,75065
0.75,11,1,1551,151.689863,0.847049,42,46,33,89,52.001934,51,80655
0.75,11,2,1631,158.618795,0.814619,36,54,34,112,56.512569,53,92172
0.75,12,1,1089,126.618795,0.853574,34,40,26,93,36.348026,34,39583
0.75,12,2,1253,136.376154,0.846611,38,40,26,96,43.019952,41,53904
0.75,13,1,1052,127.305087,0.815707,32,40,27,93,45.804183,43,48186
0.75,13,2,1175,134.325902,0.818329,36,42,27,101,48.100426,46,56518
0.75,14,1,686,99.59798,0.869026,28,30,23,77,35.348397,33,24249
0.75,14,2,746,103.59798,0.873466,30,30,23,81,37.495979,35,27972
0.75,15,1,1058,123.447222,0.872435,33,40,24,76,38.276938,37,40497
0.75,15,2,948,118.618795,0.846664,36,34,22,73,33.083333,31,31363
0.75,16,1,728,101.154329,0.894072,30,32,20,61,30.543956,29,22236
0.75,16,2,799,105.740115,0.898002,32,32,21,103,34.489362,30,27557
0.75,17,1,1107,127.547727,0.85509,37,36,36,108,54.949413,52,60829
0.75,17,2,1211,138.033009,0.798708,38,42,35,112,57.539224,54,69680
0.75,18,1,1235,133.740115,0.867668,36,42,30,92,44.327935,42,54745
0.75,18,2,1155,131.204581,0.843129,36,40,27,82,40.381818,38,46641
0.75,19,1,1371,142.468037,0.848814,42,43,25,97,44.610503,42,61161
0.75,19,2,1617,157.740115,0.816649,50,40,29,98,46.131725,44,74595
0.75,20,1,989,120.183766,0.860428,34,34,34,78,47.478261,46,46956
0.75,20,2,917,118.426407,0.821641,32,36,27,75,41.908397,40,38430
0.75,21,1,1158,130.618795,0.852918,36,40,24,69,35.913644,35,41588
0.75,21,2,1125,130.426407,0.831058,34,40,24,94,38.353778,35,43148
0.75,22,1,961,118.618795,0.858275,36,34,26,97,39.848075,36,38294
0.75,22,2,820,112.476659,0.814515,30,34,22,99,37.973171,34,31138
0.75,23,1,1355,141.204581,0.853988,42,39,17,66,27.717343,25,37557
0.75,23,2,1212,135.689863,0.827214,44,36,16,62,25.360561,23,30737
0.75,24,1,1588,153.154329,0.85075,42,46,19,73,36.387909,36,57784
0.75,24,2,1528,154.325902,0.806224,50,38,22,86,36.198953,33,55312
0.75,25,1,929,121.689863,0.788346,35,38,28,87,41.26803,39,38338
0.75,25,2,836,110.911688,0.854007,32,34,29,120,41.345694,38,34565
0.75,26,1,1869,168.175144,0.830416,42,56,22,111,39.76137,37,74314
0.75,26,2,1557,155.689863,0.807194,40,50,20,104,37.669878,35,58652
0.75,27,1,965,120.183766,0.839548,38,30,32,122,50.197927,48,48441
0.75,27,2,1051,124.669048,0.849758,36,36,34,98,52.781161,51,55473
0.75,28,1,870,114.7193,0.830723,30,36,28,99,42.350575,40,36845
0.75,28,2,912,114.325902,0.87683,32,36,28,89,44.91557,43,40963
0.75,29,1,1762,170.911688,0.758005,50,46,19,82,33.889898,31,59714
0.75,29,2,1891,171.296465,0.80985,49,51,23,106,42.334215,38,80054
0.75,30,1,1371,147.204581,0.795069,44,40,20,98,33.706783,31,46212
0.75,30,2,1505,149.740115,0.843471,42,44,21,99,37.892359,35,57028
0.75,31,1,1609,160.760931,0.782357,48,46,24,91,37.654444,34,60586
0.75,31,2,1642,157.154329,0.835469,44,46,23,82,36.652862,35,60184
0.75,32,1,1276,138.325902,0.838018,36,44,18,70,31.15674,29,39756
0.75,32,2,1291,135.982756,0.877341,40,40,19,105,32.148722,29,41504
0.75,33,1,1697,171.104076,0.728402,42,56,31,96,51.69122,50,87720
0.75,33,2,1551,159.39697,0.767117,50,42,29,82,49.477112,49,76739
0.75,34,1,1896,177.731493,0.754257,54,52,22,92,44.241034,41,83881
0.75,34,2,2149,183.246212,0.804223,50,57,31,82,46.43369,46,99786
0.75,35,1,1258,137.254834,0.839142,40,38,36,107,56.813196,54,71471
0.75,35,2,1327,139.497475,0.856935,38,42,37,109,57.394876,54,76163
0.75,36,1,1264,136.376154,0.854044,38,40,18,97,32.189873,28,40688
0.75,36,2,1936,173.003571,0.81284,56,45,17,99,34.753099,32,67282
0.75,37,1,1849,169.932504,0.804626,48,50,22,106,42.815035,40,79165
0.75,37,2,1845,164.175144,0.860184,48,48,21,79,40.566938,39,74846
0.75,38,1,1035,126.911688,0.807508,40,34,25,115,46.525604,46,48154
0.75,38,2,1378,143.982756,0.835292,44,40,28,109,57.735849,55,79560
0.75,39,1,1496,152.760931,0.805595,44,46,26,95,45.000668,42,67321
0.75,39,2,1423,149.154329,0.803791,42,44,24,84,40.018974,38,56947
0.75,40,1,1756,161.154329,0.84967,50,42,23,99,41.443052,39,72774
0.75,40,2,1418,150.911688,0.782421,46,40,20,93,39.039492,37,55358
0.75,41,1,1028,123.497475,0.847007,38,34,21,88,35.731518,34,36732
0.75,41,2,1032,126.618795,0.808897,40,34,24,90,37.511628,35,38712
0.75,42,1,1179,132.376154,0.845482,36,40,17,97,30.284987,27,35706
0.75,42,2,1298,142.618795,0.80192,40,42,19,112,34.234206,31,44436
0.75,43,1,1241,140.083261,0.794711,40,40,26,108,48.928284,47,60720
0.75,43,2,1317,141.447222,0.827193,42,40,33,90,51.851177,51,68288
0.75,44,1,1323,143.497475,0.807386,36,46,31,95,49.062736,47,64910
0.75,44,2,1376,143.204581,0.843169,38,44,27,102,46.523256,44,64016
0.75,45,1,1306,140.376154,0.832849,42,38,26,116,42.684533,39,55746
0.75,45,2,1332,142.618795,0.822926,44,38,25,102,41.537538,39,55328
0.75,46,1,1779,168.861436,0.784016,46,50,25,120,42.667229,38,75905
0.75,46,2,1692,157.831998,0.853533,47,46,27,79,42.309693,40,71588
0.75,47,1,1128,131.497475,0.819755,40,36,35,99,52.264184,50,58954
0.75,47,2,965,119.790368,0.845071,38,32,30,103,48.064249,45,46382
0.75,48,1,1631,156.760931,0.834042,40,52,28,85,45.10607,44,73568
0.75,48,2,1564,151.497475,0.856319,42,44,32,84,49.432864,49,77313
0.75,49,1,831,112.376154,0.826918,34,32,25,98,39.839952,37,33107
0.75,49,2,733,105.254834,0.831438,30,32,24,88,39.568895,37,29004
0.75,50,1,998,122.426407,0.836739,34,36,29,94,47.043086,45,46949
0.75,50,2,961,119.890873,0.840158,32,36,26,81,41.620187,41,39997
0.75,51,1,1415,148.225397,0.809321,44,43,28,107,46.260777,44,65459
0.75,51,2,1507,146.710678,0.879832,43,45,29,98,45.982084,44,69295
0.75,52,1,1562,153.932504,0.828381,44,46,25,101,39.658771,36,61947
0.75,52,2,1538,152.275649,0.833499,44,44,23,116,41.261378,39,63460
0.75,53,1,1116,128.376154,0.850953,36,38,30,99,46.699821,44,52117
0.75,53,2,905,115.890873,0.846759,32,34,26,95,41.875138,40,37897
0.75,54,1,1053,122.911688,0.875895,34,38,29,102,45.28585,42,47686
0.75,54,2,1006,124.083261,0.821072,34,38,26,119,42.929423,39,43187
0.75,55,1,985,120.183766,0.856948,36,32,29,105,45.46599,43,44784
0.75,55,2,1031,122.033009,0.869989,38,34,29,103,43.759457,40,45116
0.75,56,1,925,120.669048,0.798288,32,38,23,93,41.364324,40,38262
0.75,56,2,784,105.547727,0.884358,32,30,22,78,35.117347,33,27532
0.75,57,1,1122,130.133514,0.832577,38,36,31,105,46.536542,44,52214
0.75,57,2,1259,136.861436,0.844643,42,38,33,96,50.819698,49,63982
0.75,58,1,1393,144.961941,0.833015,40,42,29,101,43.730797,41,60917
0.75,58,2,1236,134.618795,0.857071,38,40,27,86,42.56068,40,52605
0.75,59,1,886,111.497475,0.895599,35,31,22,55,29.525959,28,26160
0.75,59,2,938,114.325902,0.901827,34,34,22,79,35.589552,34,33383
0.75,60,1,1117,128.669048,0.847842,40,34,32,86,44.007162,43,49156
0.75,60,2,1032,122.618795,0.862533,36,36,29,101,44.968023,42,46407
0.75,61,1,1056,124.669048,0.853801,34,38,28,115,49.661932,47,52443
0.75,61,2,1019,124.961941,0.820028,34,38,29,110,46.462218,44,47345
0.75,62,1,1602,159.740115,0.788941,51,40,24,94,39.732834,37,63652
0.75,62,2,1548,151.932504,0.842712,47,42,27,85,42.885659,40,66387
0.75,63,1,1516,148.760931,0.860858,42,46,28,87,42.73153,40,64781
0.75,63,2,1298,141.547727,0.814102,40,40,25,98,38.979969,36,50596
0.75,64,1,2391,187.589358,0.853833,62,46,24,80,40.223338,39,96174
0.75,64,2,2139,179.781746,0.831629,58,48,22,95,40.066854,38,85703
0.75,65,1,993,118.468037,0.889113,37,36,25,121,44.468278,40,44157
0.75,65,2,909,114.568542,0.870248,36,33,26,65,37.570957,36,34152
0.75,66,1,1151,133.447222,0.812206,38,40,34,106,51.787142,50,59607
0.75,66,2,1125,136.961941,0.753638,46,32,33,104,51.401778,49,57827
0.75,67,1,1342,140.861436,0.84992,40,42,25,100,43.470939,41,58338
0.75,67,2,1273,138.618795,0.832519,38,42,25,89,40.118617,38,51071
0.75,68,1,1012,124.760931,0.817021,33,43,29,91,42.375494,39,42884
0.75,68,2,1049,125.689863,0.83442,33,42,31,88,45.093422,43,47303
0.75,69,1,1409,147.447222,0.814419,42,43,40,121,58.004968,52,81729
0.75,69,2,1409,143.982756,0.854083,40,44,35,116,48.449255,45,68265
0.75,70,1,997,123.305087,0.82403,34,36,32,103,49.673019,47,49524
0.75,70,2,990,127.204581,0.768846,38,36,32,85,47.015152,46,46545
0.75,71,1,1256,139.790368,0.807691,42,38,25,83,41.063694,38,51576
0.75,71,2,1441,143.003571,0.885483,40,46,28,83,44.022901,42,63437
0.75,72,1,2190,187.39697,0.783662,56,50,22,98,38.156621,34,83563
0.75,72,2,1721,166.861436,0.776746,49,46,22,97,38.08774,34,65549
0.75,73,1,2011,178.811183,0.790374,40,62,35,85,51.628046,50,103824
0.75,73,2,1635,155.447222,0.850279,42,47,34,113,54.177982,51,88581
0.75,74,1,2147,186.811183,0.773101,52,54,41,92,58.94504,57,126555
0.75,74,2,2486,198.417785,0.793505,58,56,36,101,58.387772,56,145152
0.75,75,1,1767,166.417785,0.801765,52,46,26,117,45.064516,42,79629
0.75,75,2,1538,150.811183,0.849766,46,42,26,93,40.138492,38,61733
0.75,76,1,1592,154.618795,0.836813,44,44,40,122,60.51005,59,96332
0.75,76,2,1641,157.932504,0.826752,46,46,38,108,60.449726,58,99198
0.75,77,1,1778,162.225397,0.848993,44,50,40,109,64.914511,63,115418
0.75,77,2,2035,176.175144,0.82392,50,52,43,123,66.095332,64,134504
0.75,78,1,758,103.890873,0.882519,32,28,29,92,41.882586,39,31747
0.75,78,2,800,109.355339,0.840659,34,28,27,92,41.7075,39,33366
0.75,79,1,1861,171.689863,0.793354,38,60,25,101,43.35626,39,80686
0.75,79,2,1898,170.033009,0.824973,44,52,22,78,41.174921,39,78150
0.75,80,1,1264,139.689863,0.814005,38,44,32,75,44.693829,44,56493
0.75,80,2,1119,130.618795,0.824192,30,46,30,83,40.14924,39,44927
0.75,81,1,2029,178.811183,0.797448,52,50,24,109,40.386397,38,81944
0.75,81,2,2183,179.003571,0.856131,50,54,24,104,44.508016,43,97161
0.75,82,1,1862,166.225397,0.846827,44,52,29,113,47.488185,43,88423
0.75,82,2,1884,168.861436,0.83029,48,48,28,121,47.45276,44,89401
0.75,83,1,1150,136.961941,0.770385,38,40,36,111,56.627826,54,65122
0.75,83,2,1298,143.790368,0.788905,42,40,38,131,62.835131,57,81560
0.75,84,1,1786,163.790368,0.836594,46,46,30,96,49.553751,48,88503
0.75,84,2,1700,162.51829,0.808824,46,48,35,108,54.306471,52,92321
0.75,85,1,1243,136.083261,0.843474,38,40,47,116,65.97506,62,82007
0.75,85,2,1130,128.669048,0.857709,36,38,38,101,53.745133,52,60732
0.75,86,1,1241,138.7193,0.810416,36,42,38,87,55.07494,54,68348
0.75,86,2,1421,143.882251,0.86256,42,44,43,100,59.007741,56,83850
0.75,87,1,1041,127.012193,0.810905,36,36,31,99,50.411143,48,52478
0.75,87,2,908,115.790368,0.851042,36,32,29,89,45.817181,44,41602
0.75,88,1,1610,157.346717,0.817185,50,42,36,105,55.292547,53,89021
0.75,88,2,1698,159.497475,0.838764,44,46,40,93,53.939929,52,91590
0.75,89,1,811,107.012193,0.889947,34,28,32,90,46.32799,43,37572
0.75,89,2,860,112.426407,0.855011,34,31,32,108,48.723256,45,41902
0.75,90,1,1254,139.790368,0.806404,36,44,39,99,55.514354,52,69615
0.75,90,2,1001,122.618795,0.836623,34,38,30,91,46.163836,43,46210
0.75,91,1,1092,128.083261,0.836465,38,36,36,110,53.582418,50,58512
0.75,91,2,986,120.476659,0.853652,36,32,34,124,54.552738,50,53789
0.75,92,1,1756,164.275649,0.817689,36,58,50,119,65.9459,62,115801
0.75,92,2,933,118.325902,0.837398,36,34,34,81,48.098607,46,44876
0.75,93,1,2023,180.568542,0.779689,46,56,27,68,41.598616,41,84154
0.75,93,2,1935,171.104076,0.830558,46,52,27,83,45.910078,43,88836
0.75,94,1,1487,153.932504,0.788606,44,46,44,113,62.64425,61,93152
0.75,94,2,1218,133.447222,0.859485,42,36,40,97,56.764368,54,69139
0.75,95,1,1461,148.083261,0.837236,44,40,29,106,45.135524,42,65943
0.75,95,2,1293,139.204581,0.838497,42,38,33,90,44.690642,42,57785
0.75,96,1,928,116.861436,0.853916,34,36,33,85,48.34375,46,44863
0.75,96,2,897,117.154329,0.821269,34,36,31,90,44.409142,42,39835
0.75,97,1,1252,138.325902,0.822256,44,36,36,92,54.943291,53,68789
0.75,97,2,1442,153.254834,0.771519,46,40,37,122,62.124133,59,89583
0.75,98,1,881,113.547727,0.858675,38,28,25,72,36.217934,35,31908
0.75,98,2,982,124.669048,0.79397,38,34,27,88,41.658859,39,40909
0.75,99,1,1155,129.84062,0.860936,36,38,31,95,46.092641,43,53237
0.75,99,2,1066,124.325902,0.86665,34,39,32,85,46.984053,44,50085
0.75,100,1,1223,139.790368,0.786469,38,42,32,103,49.270646,47,60258
0.75,100,2,953,119.59798,0.83725,34,34,28,93,44.221406,42,42143
1.5,1,1,1295,137.154329,0.865089,38,42,20,89,33.274131,31,43090
1.5,1,2,1215,136.083261,0.824474,38,40,20,60,29.192593,28,35469
1.5,2,1,1291,139.497475,0.833688,40,40,22,89,34.876065,32,45025
1.5,2,2,1166,132.961941,0.828808,38,38,24,98,33.463122,30,39018
1.5,3,1,749,102.568542,0.894671,32,31,25,112,38.706275,34,28991
1.5,3,2,711,99.547727,0.901606,30,29,23,103,33.587904,30,23881
1.5,4,1,990,120.133514,0.862019,33,36,25,97,42.505051,41,42080
1.5,4,2,1077,125.447222,0.86001,36,38,26,92,40.742804,39,43880
1.5,5,1,981,123.790368,0.804461,36,36,21,73,34.56371,33,33907
1.5,5,2,947,117.84062,0.856978,34,34,20,86,33.837381,32,32044
1.5,6,1,1500,153.154329,0.803605,50,38,20,87,32.240667,29,48361
1.5,6,2,1651,163.003571,0.780841,48,48,20,69,32.037553,30,52894
1.5,7,1,935,116.961941,0.85888,34,34,25,78,41.406417,40,38715
1.5,7,2,756,106.325902,0.840337,30,34,24,95,36.137566,33,27320
1.5,8,1,1139,135.346717,0.781337,42,39,17,70,29.208077,26,33268
1.5,8,2,1046,121.63961,0.888365,39,35,19,75,29.862333,27,31236
1.5,9,1,1005,121.204581,0.859682,35,36,24,100,39.526368,36,39724
1.5,9,2,951,115.790368,0.891344,34,34,22,100,35.327024,33,33596
1.5,10,1,930,114.861436,0.885818,33,36,20,133,45.349462,39,42175
1.5,10,2,914,114.861436,0.870578,33,36,26,103,42.165208,39,38539
1.5,11,1,1388,142.618795,0.857523,38,44,21,78,36.409942,35,50537
1.5,11,2,1348,141.447222,0.846664,36,46,20,85,35.12092,32,47343
1.5,12,1,958,115.740115,0.898685,35,34,28,116,47.159708,44,45179
1.5,12,2,916,114.275649,0.881451,35,34,27,105,45.663755,43,41828
1.5,13,1,723,102.669048,0.861924,29,32,23,82,37.515906,35,27124
1.5,13,2,863,110.911688,0.881589,32,34,21,127,39.205098,34,33834
1.5,14,1,937,118.325902,0.840988,34,36,23,83,32.738527,31,30676
1.5,14,2,982,119.305087,0.866969,32,36,21,76,33.202648,33,32605
1.5,15,1,848,112.669048,0.839453,36,30,15,80,31.987028,30,27125
1.5,15,2,896,113.254834,0.877818,32,34,22,110,34.033482,32,30494
1.5,16,1,648,96.133514,0.88112,28,29,19,95,28.95216,27,18761
1.5,16,2,658,96.961941,0.879495,30,28,21,70,28.881459,27,19004
1.5,17,1,1016,120.376154,0.881095,36,34,16,95,30.007874,28,30488
1.5,17,2,1035,124.376154,0.840768,36,36,22,95,30.509179,29,31577
1.5,18,1,912,112.861436,0.899733,34,34,20,74,31.114035,29,28376
1.5,18,2,774,104.325902,0.893648,29,34,21,60,30.071059,29,23275
1.5,19,1,939,116.961941,0.862554,34,34,19,69,28.629393,27,26883
1.5,19,2,955,117.254834,0.872874,34,34,19,82,29.315183,28,27996
1.5,20,1,832,111.497475,0.841014,34,32,22,89,31.038462,29,25824
1.5,20,2,753,103.154329,0.889262,32,31,22,83,29.143426,26,21945
1.5,21,1,832,107.497475,0.904767,32,32,22,54,28.94351,28,24081
1.5,21,2,896,111.740115,0.901778,33,34,20,70,30.484375,29,27314
1.5,22,1,1307,143.154329,0.80145,41,42,17,87,26.651875,25,34834
1.5,22,2,1201,130.710678,0.883346,41,39,19,80,27.365529,24,32866
1.5,23,1,931,120.669048,0.803467,36,34,21,93,33.737916,31,31410
1.5,23,2,854,111.204581,0.867805,34,32,21,99,33.074941,31,28246
1.5,24,1,870,111.204581,0.884064,32,34,25,86,36.024138,33,31341
1.5,24,2,828,108.961941,0.876376,32,32,24,88,33.817633,31,28001
1.5,25,1,891,116.376154,0.826722,34,34,24,62,34.872054,34,31071
1.5,25,2,832,111.790368,0.836613,32,34,23,62,33.180288,33,27606
1.5,26,1,869,115.59798,0.817201,36,30,19,82,30.716916,29,26693
1.5,26,2,821,111.59798,0.828401,32,32,21,75,31.56151,31,25912
1.5,27,1,756,106.618795,0.835726,30,34,19,70,28.510582,26,21554
1.5,27,2,807,109.84062,0.840538,32,32,20,64,28.72119,27,23178
1.5,28,1,1310,141.932504,0.817179,46,38,22,68,28.519084,27,37360
1.5,28,2,1199,134.325902,0.835044,42,36,19,79,28.243536,26,33864
1.5,29,1,745,104.476659,0.857685,32,28,20,61,28.296644,27,21081
1.5,29,2,768,105.254834,0.871138,32,30,19,79,30.333333,28,23296
1.5,30,1,1463,148.275649,0.836208,42,44,19,64,28.787423,27,42116
1.5,30,2,1425,146.51829,0.834144,42,44,20,91,29.810526,28,42480
1.5,31,1,1385,144.275649,0.83613,42,42,25,93,41.938628,41,58085
1.5,31,2,1213,134.033009,0.848491,38,40,23,77,39.617477,38,48056
1.5,32,1,1564,150.275649,0.870301,44,43,22,82,36.549872,35,57164
1.5,32,2,1488,153.447222,0.794136,42,46,26,80,37.622984,35,55983
1.5,33,1,1017,122.911688,0.84595,36,36,21,72,33.758112,32,34332
1.5,33,2,964,121.84062,0.816024,34,36,22,77,32.596473,29,31423
1.5,34,1,1269,144.376154,0.765034,42,40,19,64,29.659574,27,37638
1.5,34,2,1141,129.547727,0.85435,36,38,19,73,26.851008,24,30637
1.5,35,1,1236,133.740115,0.86837,42,36,25,93,44.915049,42,55515
1.5,35,2,1486,150.468037,0.824784,45,44,26,97,42.806191,40,63610
1.5,36,1,968,119.790368,0.847699,36,34,23,79,35.727273,35,34584
1.5,36,2,907,116.083261,0.84582,36,32,23,89,36.498346,34,33104
1.5,37,1,1478,148.568542,0.841454,40,46,18,75,28.350474,26,41902
1.5,37,2,1476,150.911688,0.814424,42,44,19,97,33.842818,30,49952
1.5,38,1,987,120.769553,0.850378,30,38,19,73,34.114488,32,33671
1.5,38,2,1247,136.275649,0.843801,37,43,24,77,34.810746,34,43409
1.5,39,1,1296,134.911688,0.894779,40,38,29,100,44.912809,41,58207
1.5,39,2,1260,138.376154,0.826909,42,37,28,91,41.783333,39,52647
1.5,40,1,1975,177.63961,0.786497,46,56,23,83,40.410633,39,79811
1.5,40,2,2196,185.831998,0.7991,56,52,25,70,38.092441,36,83651
1.5,41,1,807,108.961941,0.854149,32,32,23,85,37.710037,36,30432
1.5,41,2,912,118.7193,0.813134,30,38,26,88,37.968202,37,34627
1.5,42,1,1066,125.547727,0.849864,36,36,28,77,38.090994,36,40605
1.5,42,2,1044,124.376154,0.848079,36,36,24,110,39.999042,37,41759
1.5,43,1,1066,126.426407,0.838092,38,34,32,92,45.252345,44,48239
1.5,43,2,1021,123.59798,0.839872,36,34,31,116,42.053869,40,42937
1.5,44,1,1059,124.961941,0.852217,32,40,27,100,40.9339,38,43349
1.5,44,2,907,117.254834,0.829002,34,34,25,90,37.819184,35,34302
1.5,45,1,1588,156.275649,0.817105,50,40,24,80,38.583753,37,61271
1.5,45,2,1647,159.39697,0.814598,44,48,24,127,37.720704,35,62126
1.5,46,1,1297,141.154329,0.818015,40,42,24,100,48.644564,47,63092
1.5,46,2,1195,135.497475,0.817929,40,38,30,112,49.538075,48,59198
1.5,47,1,1544,152.568542,0.833541,42,46,27,82,45.470855,44,70207
1.5,47,2,1514,150.811183,0.836505,42,46,28,121,47.715984,45,72242
1.5,48,1,1743,163.589358,0.818459,44,52,36,106,60.076879,58,104714
1.5,48,2,1638,155.104076,0.855613,44,46,32,102,54.581197,53,89404
1.5,49,1,1433,148.275649,0.819061,42,44,25,90,38.630844,36,55358
1.5,49,2,1274,138.133514,0.839037,38,40,23,72,35.169545,34,44806
1.5,50,1,950,118.7193,0.847014,34,34,26,84,42.062105,39,39959
1.5,50,2,962,119.59798,0.845157,36,32,27,91,41.412682,39,39839
1.5,51,1,838,110.911688,0.85605,34,32,24,96,40.630072,37,34048
1.5,51,2,876,116.476659,0.811402,34,32,27,93,40.855023,38,35789
1.5,52,1,1298,140.669048,0.824304,42,38,28,82,45.449923,44,58994
1.5,52,2,1402,146.225397,0.823972,46,40,28,96,49.737518,48,69732
1.5,53,1,1485,154.618795,0.78057,42,46,35,121,52.400673,49,77815
1.5,53,2,1542,151.689863,0.842134,48,40,30,101,52.654994,51,81194
1.5,54,1,2025,174.225397,0.838324,46,54,42,128,65.488889,60,132615
1.5,54,2,2018,178.811183,0.793125,46,56,41,130,66.830525,62,134864
1.5,55,1,1282,139.790368,0.82441,40,40,29,90,41.766771,37,53545
1.5,55,2,1245,136.961941,0.834026,38,40,29,96,41.228112,37,51329
1.5,56,1,1281,141.154329,0.807924,42,40,27,78,39.623731,38,50758
1.5,56,2,1283,140.618795,0.815361,44,37,29,78,42.995323,42,55163
1.5,57,1,1165,131.204581,0.850428,38,38,30,100,45.380258,43,52868
1.5,57,2,1102,129.84062,0.821429,38,36,27,87,43.961887,43,48446
1.5,58,1,2158,182.811183,0.811439,54,50,25,79,37.609361,34,81161
1.5,58,2,1955,174.325902,0.808412,52,46,24,111,37.442455,32,73200
1.5,59,1,1197,133.39697,0.845302,38,41,27,87,41.471178,38,49641
1.5,59,2,1126,131.447222,0.818927,39,38,27,102,43.079041,41,48507
1.5,60,1,1732,162.811183,0.821087,46,48,28,104,50.862587,49,88094
1.5,60,2,1618,155.689863,0.838818,40,50,34,104,51.485785,49,83304
1.5,61,1,1266,138.961941,0.823857,38,41,28,96,42.936019,41,54357
1.5,61,2,1357,139.790368,0.87264,38,42,31,84,46.956522,45,63720
1.5,62,1,1604,159.39697,0.79333,44,48,25,78,39.768703,38,63789
1.5,62,2,1519,153.447222,0.81068,42,46,26,84,39.996708,37,60755
1.5,63,1,1276,135.39697,0.874667,40,40,29,113,43.24373,40,55179
1.5,63,2,1219,134.325902,0.848973,38,40,31,93,44.464315,42,54202
1.5,64,1,1859,169.003571,0.817895,52,47,23,80,35.606778,33,66193
1.5,64,2,1649,157.63961,0.833873,48,44,23,80,34.505761,32,56900
1.5,65,1,1054,124.669048,0.852184,36,36,24,103,37.36148,35,39379
1.5,65,2,1017,123.59798,0.836581,36,34,25,82,36.73943,36,37364
1.5,66,1,1139,132.376154,0.816797,36,40,25,93,37.026339,35,42173
1.5,66,2,1101,130.376154,0.813956,37,38,26,88,38.828338,37,42750
1.5,67,1,1381,143.790368,0.839352,48,34,28,99,42.88559,41,59225
1.5,67,2,1191,129.982756,0.88583,43,34,24,89,38.218304,36,45518
1.5,68,1,945,120.376154,0.819522,34,36,22,106,40.35873,38,38139
1.5,68,2,1226,133.447222,0.86513,40,38,25,98,43.368679,42,53170
1.5,69,1,1232,134.325902,0.858027,38,40,24,104,37.82711,36,46603
1.5,69,2,1178,129.740115,0.879441,38,38,26,99,38.048387,36,44821
1.5,70,1,1126,127.982756,0.863864,42,34,13,124,30.239787,27,34050
1.5,70,2,973,117.740115,0.882011,34,36,19,73,26.134635,25,25429
1.5,71,1,1081,125.740115,0.859187,34,40,15,85,26.068455,24,28180
1.5,71,2,1108,125.447222,0.884764,34,40,15,97,26.00361,24,28812
1.5,72,1,758,104.618795,0.870281,31,32,15,108,28.543536,24,21636
1.5,72,2,782,104.325902,0.902885,31,32,16,122,30.456522,26,23817
1.5,73,1,1277,133.63961,0.898525,38,42,16,80,26.927956,25,34387
1.5,73,2,1317,140.417785,0.839366,37,48,18,72,26.958998,26,35505
1.5,74,1,1008,122.618795,0.842474,34,38,25,99,37.416667,36,37716
1.5,74,2,879,113.84062,0.852323,34,32,22,99,35.802048,34,31470
1.5,75,1,1427,150.033009,0.796636,42,44,17,94,28.023125,27,39989
1.5,75,2,1317,138.911688,0.857666,46,34,17,76,27.611238,26,36364
1.5,76,1,995,119.204581,0.879928,36,34,21,97,38.00804,36,37818
1.5,76,2,1065,125.447222,0.850428,36,38,28,99,40.892958,39,43551
1.5,77,1,961,119.012193,0.85261,34,34,21,97,32.200832,31,30945
1.5,77,2,1006,121.84062,0.851576,34,36,24,74,35.005964,34,35216
1.5,78,1,879,115.59798,0.826605,34,32,21,88,31.109215,29,27345
1.5,78,2,869,115.355339,0.820643,34,31,22,55,30.454545,29,26465
1.5,79,1,735,105.254834,0.833706,34,28,22,64,29.987755,29,22041
1.5,79,2,792,108.083261,0.851958,34,30,19,79,31.316919,28,24803
1.5,80,1,637,97.012193,0.850544,28,28,21,70,29.276295,27,18649
1.5,80,2,619,94.7193,0.867009,28,28,22,114,30.313409,28,18764
1.5,81,1,562,90.234019,0.867372,28,24,13,75,27.717082,25,15577
1.5,81,2,584,93.648232,0.836804,28,26,19,82,28.212329,26,16476
1.5,82,1,774,107.012193,0.849345,30,32,25,71,33.069767,30,25596
1.5,82,2,732,105.062446,0.833347,28,32,21,65,30.346995,28,22214
1.5,83,1,1077,128.083261,0.824975,38,36,20,66,30.651811,29,33012
1.5,83,2,1135,129.154329,0.855043,38,38,22,97,30.170044,28,34243
1.5,84,1,1023,123.497475,0.842887,38,34,22,71,32.139785,31,32879
1.5,84,2,975,124.7193,0.787675,33,38,22,92,33.722051,32,32879
1.5,85,1,1031,122.325902,0.865828,36,36,21,83,33.627546,32,34670
1.5,85,2,1043,123.254834,0.862753,38,33,24,91,36.772771,34,38354
1.5,86,1,857,112.183766,0.855718,32,32,20,80,31.915986,30,27352
1.5,86,2,911,116.083261,0.84955,34,34,20,95,31.961581,30,29117
1.5,87,1,845,115.790368,0.791994,32,36,16,88,24.757396,22,20920
1.5,87,2,921,116.183766,0.85739,32,34,18,64,26.510315,25,24416
1.5,88,1,1203,133.154329,0.852638,40,38,17,71,25.765586,24,30996
1.5,88,2,1125,127.204581,0.873689,34,40,16,94,26.645333,25,29976
1.5,89,1,946,118.7193,0.843448,32,36,25,72,35.997886,34,34054
1.5,89,2,860,113.062446,0.845418,32,32,24,87,36.648837,34,31518
1.5,90,1,1058,123.447222,0.872435,41,32,22,85,33.502836,31,35446
1.5,90,2,1000,120.911688,0.859554,40,31,22,65,34.945,32,34945
1.5,91,1,838,111.012193,0.854501,32,32,24,74,39.618138,39,33200
1.5,91,2,854,113.547727,0.832359,34,32,24,115,40.425059,37,34523
1.5,92,1,873,114.7193,0.833587,34,32,19,60,28.814433,27,25155
1.5,92,2,918,119.547727,0.807179,34,35,19,98,29.777778,27,27336
1.5,93,1,1152,131.204581,0.840939,44,32,23,88,35.854167,35,41304
1.5,93,2,1044,123.39697,0.861591,42,32,22,53,29.965517,28,31284
1.5,94,1,1153,130.325902,0.853056,40,36,18,91,28.717259,26,33111
1.5,94,2,1283,138.618795,0.839059,44,36,19,95,29.705378,27,38112
1.5,95,1,868,115.204581,0.821845,32,36,21,102,34.301843,32,29774
1.5,95,2,1017,126.033009,0.804567,36,38,23,105,37.342183,35,37977
1.5,96,1,910,115.305087,0.860111,32,34,20,83,37.726374,37,34331
1.5,96,2,1449,143.689863,0.881913,44,40,26,82,44.244306,44,64110
1.5,97,1,1427,146.618795,0.83417,42,42,18,73,33.585144,32,47926
1.5,97,2,1430,145.790368,0.845451,39,44,17,99,34.745455,33,49686
1.5,98,1,1010,122.7193,0.842763,38,32,26,91,39.593069,37,39989
1.5,98,2,1014,124.961941,0.816004,36,36,24,80,36.874753,36,37391
1.5,99,1,1740,163.689863,0.816048,46,48,19,78,34.80977,34,60569
1.5,99,2,1457,151.204581,0.800828,40,46,18,81,30.744681,28,44795
1.5,100,1,745,106.7193,0.822016,30,32,21,101,34.142282,31,25436
1.5,100,2,819,107.154329,0.896343,33,31,22,88,33.102564,32,27111
3,1,1,1430,145.740115,0.846034,42,42,18,76,30.175524,29,43151
3,1,2,1401,145.447222,0.832218,44,40,18,54,25.800143,25,36146
3,2,1,864,109.84062,0.899907,32,32,19,96,26.548611,24,22938
3,2,2,849,111.790368,0.853707,34,32,18,65,26.202591,24,22246
3,3,1,686,99.305087,0.87416,28,30,18,109,30.04519,28,20611
3,3,2,725,101.59798,0.882628,30,29,24,78,30.475862,29,22095
3,4,1,771,107.890873,0.832329,30,32,21,67,31.627756,30,24385
3,4,2,823,110.133514,0.85265,30,34,20,77,32.414338,31,26677
3,5,1,847,110.426407,0.872866,32,32,23,110,33.438017,31,28322
3,5,2,885,115.204581,0.837941,36,32,21,59,30.463277,29,26960
3,6,1,660,100.769553,0.816761,28,30,24,68,33.875758,31,22358
3,6,2,686,99.59798,0.869026,28,30,25,85,33.982507,32,23312
3,7,1,819,109.254834,0.862209,32,32,20,68,28.139194,26,23046
3,7,2,871,117.497475,0.792813,33,36,22,64,28.425947,27,24759
3,8,1,1151,128.811183,0.871722,40,37,22,51,31.932233,31,36754
3,8,2,1060,121.39697,0.903858,37,36,22,62,31.804717,31,33713
3,9,1,856,112.669048,0.847373,32,34,13,64,23.161215,21,19826
3,9,2,966,120.669048,0.833672,38,32,12,100,24.89441,22,24048
3,10,1,811,109.012193,0.857592,31,32,16,89,23.590629,21,19132
3,10,2,809,109.84062,0.842621,32,32,16,60,23.380717,22,18915
3,11,1,1088,124.861436,0.876965,38,36,19,78,26.955882,25,29328
3,11,2,1005,120.083261,0.875812,36,34,17,70,26.21393,24,26345
3,12,1,1075,128.083261,0.823443,40,34,16,62,25.837209,25,27775
3,12,2,1157,135.39697,0.793095,42,38,20,66,26.21694,25,30333
3,13,1,1142,131.689863,0.827506,38,40,16,75,22.970228,22,26232
3,13,2,1278,142.325902,0.792817,42,40,18,52,24.27543,23,31024
3,14,1,584,91.890873,0.869116,26,28,17,83,27.214041,24,15893
3,14,2,531,88.133514,0.859057,26,27,15,89,25.969868,23,13790
3,15,1,895,113.154329,0.878396,34,34,18,113,26.683799,25,23882
3,15,2,804,106.961941,0.883095,34,29,15,58,23.791045,24,19128
3,16,1,856,112.669048,0.847373,32,34,18,69,24.221963,23,20734
3,16,2,951,116.669048,0.877969,34,34,18,65,25.018927,24,23793
3,17,1,876,119.740115,0.767776,38,33,12,87,20.192922,19,17689
3,17,2,866,113.547727,0.844055,32,34,14,96,20.26097,18,17546
3,18,1,1958,174.610173,0.807018,52,52,24,76,42.620531,43,83451
3,18,2,1772,164.367532,0.824217,48,50,26,87,44.517494,45,78885
3,19,1,926,116.083261,0.863538,34,34,20,88,34.336933,33,31796
3,19,2,828,108.376154,0.885876,32,32,22,96,32.67029,31,27051
3,20,1,573,91.305087,0.863723,26,28,15,78,24.584642,23,14087
3,20,2,545,87.59798,0.89252,26,26,15,106,24.880734,22,13560
3,21,1,950,117.104076,0.870541,37,34,12,105,19.405263,17,18435
3,21,2,968,116.861436,0.890723,36,34,14,76,18.597107,17,18002
3,22,1,663,98.426407,0.860003,28,30,19,67,26.3454,26,17467
3,22,2,780,105.547727,0.879846,30,32,20,61,28.130769,27,21942
3,23,1,844,112.133514,0.843493,35,30,15,101,26.438389,24,22314
3,23,2,574,92.526912,0.84253,25,28,18,48,23.658537,22,13580
3,24,1,556,89.941125,0.86371,26,26,16,54,23.498201,22,13065
3,24,2,562,88.476659,0.902171,26,26,17,77,23.855872,22,13407
3,25,1,660,97.547727,0.871605,28,30,17,96,25.94697,24,17125
3,25,2,628,94.669048,0.880549,27,30,16,96,26.371019,23,16561
3,26,1,877,112.275649,0.874255,33,35,17,72,24.670468,24,21636
3,26,2,721,99.84062,0.90893,30,29,10,34,22.313454,22,16088
3,27,1,715,101.062446,0.879703,28,30,16,88,24.020979,22,17175
3,27,2,821,108.568542,0.875276,36,30,16,90,25.672351,23,21077
3,28,1,852,114.426407,0.817706,34,32,14,65,21.029343,20,17917
3,28,2,903,116.669048,0.833655,38,30,13,76,21.825028,20,19708
3,29,1,686,98.083261,0.896075,29,30,17,90,23.483965,21,16110
3,29,2,588,89.59798,0.92043,26,27,17,47,20.957483,20,12323
3,30,1,654,96.961941,0.874148,30,28,16,61,23.545872,21,15399
3,30,2,789,104.911688,0.900822,31,32,18,61,25,23,19725
3,31,1,1216,137.740115,0.80542,36,44,15,84,28.087993,26,34155
3,31,2,1298,138.568542,0.849484,40,41,17,65,26.225732,26,34041
3,32,1,753,107.305087,0.821796,28,34,16,78,21.978752,20,16550
3,32,2,799,110.669048,0.819793,30,35,16,51,20.922403,19,16717
3,33,1,533,88.769553,0.849981,26,26,19,59,26.54409,25,14148
3,33,2,545,89.941125,0.846622,28,24,13,73,26.53578,24,14462
3,34,1,839,110.911688,0.857072,35,31,17,60,24.771156,23,20783
3,34,2,867,110.961941,0.884873,33,32,15,71,24.745098,23,21454
3,35,1,1082,128.083261,0.828805,38,36,16,65,27.61183,27,29876
3,35,2,1040,128.275649,0.794245,40,36,18,81,26.732692,25,27802
3,36,1,1099,124.225397,0.894925,41,34,14,56,20.100091,19,22090
3,36,2,1196,131.39697,0.870503,39,39,16,47,20.15301,19,24103
3,37,1,841,111.890873,0.844144,32,32,20,64,29.293698,28,24636
3,37,2,917,114.911688,0.872671,34,34,23,87,32.521265,30,29822
3,38,1,821,111.497475,0.829895,34,32,22,63,29.015834,28,23822
3,38,2,754,105.547727,0.850518,34,28,19,86,28.578249,27,21548
3,39,1,731,102.476659,0.874737,31,28,20,51,29.269494,28,21396
3,39,2,911,114.961941,0.866204,31,36,22,95,32.279912,31,29407
3,40,1,1144,131.790368,0.827692,36,40,20,83,31.857517,30,36445
3,40,2,1192,132.275649,0.856104,38,40,22,76,31.939597,30,38072
3,41,1,927,117.547727,0.843065,34,34,19,80,26.529666,24,24593
3,41,2,866,111.59798,0.873806,32,32,17,89,24.926097,23,21586
3,42,1,730,103.305087,0.859586,30,30,24,94,32.010959,30,23368
3,42,2,722,103.204581,0.851823,32,30,23,94,32.581717,30,23524
3,43,1,796,109.062446,0.840954,30,32,18,50,25.324121,25,20158
3,43,2,855,112.669048,0.846383,34,32,18,63,25.804678,25,22063
3,44,1,891,116.376154,0.826722,32,36,19,76,28.649832,26,25527
3,44,2,958,115.982756,0.894929,36,34,20,94,30.693111,27,29404
3,45,1,843,109.547727,0.882736,32,32,21,63,28.858837,28,24328
3,45,2,786,107.305087,0.857811,30,32,22,75,33.697201,31,26486
3,46,1,1016,120.083261,0.885398,36,34,17,78,22.944882,21,23312
3,46,2,957,118.568542,0.855427,36,35,16,63,22.401254,21,21438
3,47,1,1346,141.104076,0.849524,44,39,24,70,35.159733,34,47325
3,47,2,1383,143.204581,0.847458,44,38,22,84,35.334779,34,48868
3,48,1,823,107.740115,0.890953,33,32,23,64,31.255164,29,25723
3,48,2,921,115.497475,0.86761,36,32,21,88,33.653637,31,30995
3,49,1,654,99.012193,0.838321,30,28,25,59,33.498471,32,21908
3,49,2,590,91.890873,0.878046,28,26,26,75,33.791525,32,19937
3,50,1,998,120.961941,0.857123,38,32,18,65,25.932866,24,25881
3,50,2,896,116.376154,0.831361,36,32,18,66,24.735491,23,22163
3,51,1,1009,125.84062,0.800681,38,34,18,49,25.310208,24,25538
3,51,2,1043,128.376154,0.79529,36,38,19,60,26.658677,25,27805
3,52,1,751,105.84062,0.842452,32,30,25,85,33.505992,31,25163
3,52,2,746,103.59798,0.873466,30,30,25,97,35.908847,33,26788
3,53,1,1117,131.012193,0.817786,34,40,17,74,23.820949,22,26608
3,53,2,1211,134.033009,0.847092,38,40,16,61,24.685384,23,29894
3,54,1,821,107.154329,0.898532,32,33,20,77,27.347138,25,22452
3,54,2,785,104.325902,0.906349,31,32,20,49,25.811465,25,20262
3,55,1,1169,129.982756,0.869467,41,36,20,76,28.983747,27,33882
3,55,2,978,119.982756,0.853711,41,31,17,40,23.53681,23,23019
3,56,1,1483,149.053824,0.838812,46,42,18,85,29.11733,27,43181
3,56,2,1342,139.689863,0.864236,44,38,16,55,25.551416,24,34290
3,57,1,940,118.325902,0.843681,34,36,15,51,22.407447,21,21063
3,57,2,827,109.254834,0.870631,32,32,17,97,22.574365,21,18669
3,58,1,1085,126.618795,0.850439,38,36,21,66,30.291244,30,32866
3,58,2,1042,124.568542,0.843841,36,38,18,87,29.015355,28,30234
3,59,1,534,87.062446,0.885298,25,26,20,44,24.26779,24,12959
3,59,2,539,86.183766,0.911901,26,25,19,39,24.280148,23,13087
3,60,1,775,102.911688,0.919564,32,30,19,62,28.31871,27,21947
3,60,2,802,108.961941,0.848857,34,30,21,66,31.023691,30,24881
3,61,1,761,103.59798,0.891029,30,30,22,81,31.804205,29,24203
3,61,2,760,104.961941,0.866882,32,30,21,72,31.668421,30,24068
3,62,1,783,108.669048,0.83322,32,32,22,91,32.109834,29,25142
3,62,2,765,106.961941,0.840258,31,32,22,74,30.946405,28,23674
3,63,1,1302,141.547727,0.816611,42,38,19,84,31.320276,29,40779
3,63,2,1366,146.618795,0.798512,48,36,20,95,31.788433,29,43423
3,64,1,733,104.183766,0.848621,30,30,23,83,32.826739,30,24062
3,64,2,775,109.254834,0.815887,32,32,24,85,34.273548,32,26562
3,65,1,1362,146.51829,0.797266,44,42,23,74,34.776065,33,47365
3,65,2,1294,136.861436,0.868124,44,36,24,77,34.738794,33,44952
3,66,1,692,101.355339,0.846492,28,30,20,60,26.608382,25,18413
3,66,2,670,99.305087,0.853772,30,28,20,64,26.783582,25,17945
3,67,1,1127,130.033009,0.837581,38,38,28,94,40.133097,38,45230
3,67,2,1223,137.740115,0.810057,36,44,29,98,40.813573,38,49915
3,68,1,825,114.426407,0.791792,30,36,21,74,31.646061,29,26108
3,68,2,939,115.154329,0.889846,34,35,22,68,31.246006,30,29340
3,69,1,1129,125.63961,0.898774,38,38,21,54,30.23295,29,34133
3,69,2,1378,140.710678,0.874591,38,47,23,109,41.966618,36,57830
3,70,1,987,118.325902,0.885865,35,35,22,106,32.458967,29,32037
3,70,2,1005,118.861436,0.89391,35,36,22,97,33.069652,29,33235
3,71,1,1286,137.154329,0.859076,40,40,19,64,28.006221,26,36016
3,71,2,1285,142.133514,0.799319,42,38,19,77,30.301946,29,38938
3,72,1,1022,128.669048,0.775734,34,40,23,63,33.780822,32,34524
3,72,2,960,118.133514,0.86444,34,34,22,72,32.685417,31,31378
3,73,1,1068,129.447222,0.800932,38,38,22,75,32.671348,31,34893
3,73,2,1207,136.568542,0.813234,36,44,23,70,33.80116,32,40798
3,74,1,952,116.376154,0.883322,32,36,27,93,39.766807,37,37858
3,74,2,1019,121.254834,0.870935,34,36,28,97,42.518155,40,43326
3,75,1,1541,154.275649,0.813613,44,45,20,98,34.260221,29,52795
3,75,2,1337,137.932504,0.883096,43,39,20,87,31.206432,28,41723
3,76,1,1424,145.740115,0.842484,40,44,16,83,25.643258,23,36516
3,76,2,1576,151.982756,0.857388,42,46,17,83,26.015863,24,41001
3,77,1,1094,122.911688,0.909999,34,38,15,55,23.406764,22,25607
3,77,2,1251,133.932504,0.876386,39,41,16,56,23.480416,21,29374
3,78,1,1473,150.033009,0.822316,44,42,19,96,28.828242,26,42464
3,78,2,1589,156.861436,0.811524,44,46,19,82,29.708622,27,47207
3,79,1,1667,160.710678,0.811066,52,42,20,70,33.118776,32,55209
3,79,2,1357,148.367532,0.774661,50,40,22,65,31.910833,30,43303
3,80,1,1396,144.568542,0.839359,42,42,17,66,26.361748,24,36801
3,80,2,1299,140.275649,0.829573,40,42,19,88,30.917629,29,40162
3,81,1,1442,147.39697,0.834061,40,46,16,66,24.533287,23,35377
3,81,2,1380,143.982756,0.836504,42,42,17,71,26.15942,24,36100
3,82,1,834,111.012193,0.850422,32,32,21,92,30.91247,29,25781
3,82,2,789,110.426407,0.813094,32,32,21,89,29.782003,27,23498
3,83,1,994,122.426407,0.833386,36,34,22,77,31.293763,30,31106
3,83,2,1115,128.033009,0.854753,37,38,20,61,29.517489,28,32912
3,84,1,1021,123.204581,0.845244,36,36,24,81,36.941234,34,37717
3,84,2,1053,127.012193,0.820252,36,36,23,89,35.650522,34,37540
3,85,1,652,97.648232,0.859268,28,28,23,76,30.697853,28,20015
3,85,2,652,97.648232,0.859268,28,28,22,67,29.059816,27,18947
3,86,1,1194,133.254834,0.844984,38,38,19,86,30.29397,28,36171
3,86,2,1171,132.961941,0.832362,38,38,19,77,29.29035,27,34299
3,87,1,852,115.790368,0.798555,34,34,22,80,31.373239,29,26730
3,87,2,911,115.740115,0.854595,36,33,21,79,31.412733,28,28617
3,88,1,1564,154.225397,0.826294,44,46,22,85,39.042839,37,61063
3,88,2,1593,155.982756,0.822759,46,44,23,97,38.951036,37,62049
3,89,1,686,99.59798,0.869026,28,30,19,82,27.205539,25,18663
3,89,2,692,101.355339,0.846492,30,28,20,84,27.202312,25,18824
3,90,1,961,119.012193,0.85261,36,32,20,90,30.07076,26,28898
3,90,2,936,116.083261,0.872864,34,34,19,92,28.120726,25,26321
3,91,1,1131,131.204581,0.825609,38,38,23,90,35.262599,33,39882
3,91,2,1146,132.669048,0.818192,38,38,22,77,33.63089,31,38541
3,92,1,1380,145.154329,0.823055,44,40,22,83,31.228261,28,43095
3,92,2,1345,142.618795,0.830957,42,40,21,80,32.447584,30,43642
3,93,1,1340,144.861436,0.802434,44,40,17,79,25.56791,23,34261
3,93,2,1296,134.51829,0.90002,40,40,16,57,24.075617,23,31202
3,94,1,1020,123.497475,0.840415,38,34,24,84,35.90098,33,36619
3,94,2,825,108.769553,0.876293,32,30,23,75,32.704242,30,26981
3,95,1,1011,120.961941,0.868287,36,34,20,95,32.083086,29,32436
3,95,2,993,122.033009,0.837924,36,36,21,83,31.414904,29,31195
3,96,1,1509,149.053824,0.853518,36,52,19,80,31.57389,29,47645
3,96,2,1539,147.296465,0.891382,40,48,19,77,31.524366,29,48516
3,97,1,1828,170.811183,0.787324,44,54,18,74,27.200219,24,49722
3,97,2,1660,157.053824,0.845709,40,52,16,94,26.921687,24,44690
3,98,1,1520,150.618795,0.841967,44,42,16,88,25.445395,23,38677
3,98,2,1421,146.083261,0.836764,44,39,15,73,25.202674,23,35813
3,99,1,1324,141.447222,0.83159,40,42,29,90,42.759063,41,56613
3,99,2,1275,136.669048,0.857787,38,40,28,75,41.75451,41,53237
3,100,1,952,116.275649,0.884849,35,35,22,81,34.820378,32,33149
3,100,2,777,107.890873,0.838806,32,30,21,81,31.979408,28,24848
6,1,1,965,119.497475,0.849219,34,36,29,99,42.894301,40,41393
6,1,2,969,119.012193,0.859708,34,34,32,84,43.422085,40,42076
6,2,1,1206,131.539105,0.875886,43,38,24,103,43.383085,39,52320
6,2,2,972,117.982756,0.877484,36,35,24,82,36.001029,33,34993
6,3,1,1764,160.468037,0.860858,46,48,22,91,41.827664,40,73784
6,3,2,1861,171.982756,0.790654,44,54,24,117,46.23482,44,86043
6,4,1,1309,140.568542,0.832479,42,40,26,101,43.317036,42,56702
6,4,2,1476,149.447222,0.830463,42,44,25,102,44.143631,42,65156
6,5,1,1239,135.204581,0.851723,40,38,31,103,48.05004,45,59534
6,5,2,1197,134.618795,0.830028,40,38,31,98,47.383459,44,56718
6,6,1,1527,152.568542,0.824364,46,42,43,113,66.07924,63,100903
6,6,2,1451,148.568542,0.826083,40,46,43,124,67.173673,63,97469
6,7,1,1535,154.033009,0.813,40,48,33,98,55.045603,53,84495
6,7,2,1325,139.204581,0.859248,40,40,34,113,51.113962,48,67726
6,8,1,1227,136.669048,0.825494,38,40,33,101,51.05868,50,62649
6,8,2,1121,131.012193,0.820714,38,36,30,97,49.17752,48,55128
6,9,1,1185,133.740115,0.832539,40,38,33,98,51.637131,51,61190
6,9,2,1090,124.861436,0.878577,36,38,33,103,47.6,45,51884
6,10,1,1224,136.083261,0.830581,44,34,29,94,42.714052,39,52282
6,10,2,1187,134.618795,0.823094,40,38,25,91,42.092671,41,49964
6,11,1,1622,159.790368,0.798288,38,52,24,111,43.508015,40,70570
6,11,2,1559,152.568542,0.841639,46,42,21,80,38.200128,37,59554
6,12,1,1981,175.589358,0.807417,44,58,25,76,39.866734,38,78976
6,12,2,2045,178.811183,0.803737,44,58,31,104,46.926161,43,95964
6,13,1,916,116.669048,0.845657,36,32,31,92,45.004367,43,41224
6,13,2,913,119.012193,0.810024,34,34,31,107,46.0931,44,42083
6,14,1,1741,169.539105,0.761148,44,56,29,91,51.01436,49,88816
6,14,2,1768,164.468037,0.821352,42,54,29,111,52.897059,50,93522
6,15,1,1315,142.325902,0.81577,42,40,30,107,44.915589,42,59064
6,15,2,1283,136.669048,0.86317,40,38,27,107,46.341387,45,59456
6,16,1,910,118.133514,0.819417,34,34,26,104,42.1,40,38311
6,16,2,890,115.012193,0.845497,30,36,29,83,43.703371,42,38896
6,17,1,1252,136.376154,0.845936,38,40,19,107,28.469649,26,35644
6,17,2,1356,137.882251,0.896299,42,41,19,121,29.622419,26,40168
6,18,1,1287,135.154329,0.885378,43,36,22,51,33.233877,33,42772
6,18,2,1322,138.618795,0.864564,46,34,24,121,36.481089,35,48228
6,19,1,1058,125.154329,0.848797,31,43,19,107,31.683365,30,33521
6,19,2,1250,131.39697,0.909807,37,41,22,55,31.9784,31,39973
6,20,1,1559,157.63961,0.788361,42,50,21,83,33.385504,32,52048
6,20,2,1488,148.861436,0.843817,40,46,21,77,30.882392,30,45953
6,21,1,1215,133.831998,0.852445,38,44,23,104,38.162963,36,46368
6,21,2,1294,134.811183,0.894731,40,40,24,75,36.414219,35,47120
6,22,1,1173,132.760931,0.83631,38,42,18,94,28.236999,26,33122
6,22,2,1022,122.618795,0.854175,34,38,20,92,29.412916,27,30060
6,23,1,650,99.012193,0.833193,28,30,22,84,28.509231,26,18531
6,23,2,653,99.890873,0.822378,30,28,23,63,30.188361,29,19713
6,24,1,837,108.669048,0.890684,34,30,22,68,34.409797,34,28801
6,24,2,843,111.790368,0.847674,34,32,22,76,34.266904,33,28887
6,25,1,752,103.790368,0.87723,28,34,21,80,32.324468,29,24308
6,25,2,734,100.669048,0.910152,28,32,18,89,28.752044,27,21104
6,26,1,1089,127.932504,0.836134,37,40,18,84,33.985308,32,37010
6,26,2,1074,128.325902,0.819569,37,38,21,73,31.014898,29,33310
6,27,1,978,120.669048,0.844028,36,34,24,87,33.374233,31,32640
6,27,2,944,116.961941,0.867147,34,34,23,113,33.263771,30,31401
6,28,1,960,116.568542,0.887807,34,36,30,115,46.844792,47,44971
6,28,2,914,115.740115,0.857409,35,34,25,86,47.274617,49,43209
6,29,1,1003,119.497475,0.88266,39,31,24,65,37.422732,36,37535
6,29,2,927,117.305087,0.846556,36,30,20,94,36.90507,36,34211
6,30,1,1044,120.325902,0.906133,32,39,21,73,30.045977,29,31368
6,30,2,898,112.325902,0.894389,32,35,16,91,29.547884,28,26534
6,31,1,853,114.426407,0.818665,32,34,23,67,31.478312,30,26851
6,31,2,967,120.083261,0.842697,30,40,25,121,36.015512,34,34827
6,32,1,1447,149.104076,0.817898,39,48,19,72,30.645473,30,44344
6,32,2,1419,145.104076,0.846902,39,46,19,60,29.765328,29,42237
6,33,1,1510,154.367532,0.796297,44,49,18,114,34.060927,31,51432
6,33,2,1729,165.053824,0.797542,44,52,20,81,36.611914,37,63302
6,34,1,1694,160.367532,0.827733,48,48,20,73,31.534238,31,53419
6,34,2,2156,179.831998,0.83777,52,52,25,106,41.613173,41,89718
6,35,1,1130,129.154329,0.851276,38,38,17,82,28.072566,26,31722
6,35,2,1154,132.083261,0.831228,36,40,21,85,28.277296,27,32632
6,36,1,749,106.7193,0.826429,32,30,19,62,28.479306,27,21331
6,36,2,710,103.012193,0.840797,30,30,16,80,27.866197,26,19785
6,37,1,925,117.154329,0.846905,38,32,20,112,31.292973,28,28946
6,37,2,924,113.740115,0.897541,35,33,19,56,27.790043,27,25678
6,38,1,933,119.305087,0.823709,34,34,20,85,28.528403,26,26617
6,38,2,943,117.84062,0.853358,32,36,21,94,29.225875,27,27560
6,39,1,777,105.547727,0.876462,30,32,18,88,32.315315,30,25109
6,39,2,1002,121.447222,0.853694,34,38,21,126,31.508982,29,31572
6,40,1,1119,127.790368,0.86108,36,38,27,93,40.535299,39,45359
6,40,2,1247,136.669048,0.83895,44,34,26,64,38.477145,38,47981
6,41,1,1434,148.376154,0.818523,44,40,24,81,31.646444,30,45381
6,41,2,1538,147.781746,0.884962,46,44,23,62,32.219116,29,49553
6,42,1,1337,143.39697,0.817074,40,44,21,95,34.534031,32,46172
6,42,2,1223,132.568542,0.874491,40,38,20,88,30.047424,28,36748
6,43,1,1594,158.811183,0.794211,44,48,27,103,41.167503,38,65621
6,43,2,1418,149.447222,0.79783,42,44,22,123,42.081805,40,59672
6,44,1,930,115.447222,0.876851,33,36,18,58,25.987097,25,24168
6,44,2,939,118.7193,0.837207,34,34,18,84,27.731629,25,26040
6,45,1,974,120.275649,0.846084,36,36,19,82,27.604723,26,26887
6,45,2,860,110.911688,0.878524,32,34,20,125,29.289535,27,25189
6,46,1,925,113.497475,0.902359,36,31,19,66,27.31027,25,25262
6,46,2,1003,122.961941,0.833622,37,32,18,93,29.084746,26,29172
6,47,1,834,111.012193,0.850422,32,32,26,95,36.864508,33,30745
6,47,2,805,113.012193,0.792055,30,35,25,69,33.475776,31,26948
6,48,1,1467,154.911688,0.768195,38,50,20,80,28.997955,27,42540
6,48,2,1359,146.911688,0.791255,40,44,21,63,29.80574,29,40506
6,49,1,1682,162.225397,0.803153,50,44,20,109,31.230678,30,52530
6,49,2,1428,149.740115,0.800316,40,46,18,84,28.423669,27,40589
6,50,1,876,112.961941,0.86268,34,32,19,90,28.159817,27,24668
6,50,2,837,111.890873,0.840129,34,30,20,69,26.664277,25,22318
6,51,1,766,106.133514,0.854542,30,32,20,61,26.08094,25,19978
6,51,2,812,108.961941,0.859441,32,32,17,67,26.862069,25,21812
6,52,1,657,96.961941,0.878158,28,30,20,85,28.484018,26,18714
6,52,2,640,96.083261,0.871153,27,31,21,70,29.41875,26,18828
6,53,1,1329,138.325902,0.872826,38,42,25,107,46.417607,46,61689
6,53,2,1527,152.367532,0.82654,46,46,26,86,43.261297,42,66060
6,54,1,872,112.861436,0.860271,32,36,21,90,31.417431,30,27396
6,54,2,612,93.941125,0.871465,26,28,19,54,25.267974,24,15464
6,55,1,884,112.325902,0.880445,33,34,20,47,24.401584,24,21571
6,55,2,1012,120.275649,0.879093,35,37,20,75,26.059289,24,26372
6,56,1,1122,130.133514,0.832577,38,36,16,93,28.50713,27,31985
6,56,2,1050,126.133514,0.829351,36,36,22,83,30.285714,27,31800
6,57,1,700,102.911688,0.830574,32,30,18,84,24.802857,22,17362
6,57,2,773,107.305087,0.843624,28,34,20,64,26.16947,25,20229
6,58,1,946,117.84062,0.856073,34,34,21,69,27.561311,26,26073
6,58,2,947,117.84062,0.856978,34,34,20,90,28.072862,26,26585
6,59,1,1018,119.497475,0.89586,36,34,13,80,23.001965,21,23416
6,59,2,902,115.012193,0.856897,34,32,16,66,21.827051,21,19688
6,60,1,645,96.769553,0.86555,26,30,17,74,26.063566,24,16811
6,60,2,738,102.376154,0.884848,31,30,19,83,27.897019,26,20588
6,61,1,708,100.669048,0.877912,28,32,20,78,27.590395,25,19534
6,61,2,726,100.426407,0.904588,30,29,19,109,26.404959,24,19170
6,62,1,769,107.012193,0.843859,30,32,21,62,29.836151,28,22944
6,62,2,842,114.133514,0.812261,34,32,22,86,29.984561,28,25247
6,63,1,1071,123.882251,0.876963,40,36,19,48,25.334267,24,27133
6,63,2,1130,127.882251,0.868296,40,38,15,49,24.374336,23,27543
6,64,1,2234,191.296465,0.767148,64,46,22,59,32.258281,32,72065
6,64,2,1733,163.204581,0.817605,54,38,22,65,34.901327,34,60484
6,65,1,1390,140.710678,0.882207,41,44,21,66,30.561151,28,42480
6,65,2,1040,122.225397,0.874823,32,42,22,66,27.753846,26,28864
6,66,1,1441,144.953319,0.861822,42,46,19,66,28.064539,26,40441
6,66,2,1535,159.104076,0.762001,44,48,19,67,30.403257,28,46669
6,67,1,1018,124.961941,0.819223,36,36,26,78,35.284872,33,35920
6,67,2,1104,131.59798,0.801088,36,38,27,84,37.985507,36,41936
6,68,1,1154,134.325902,0.803704,40,38,26,92,40.62305,39,46879
6,68,2,1304,139.447222,0.84269,39,42,28,72,38.095859,36,49677
6,69,1,1267,138.033009,0.835643,40,40,28,111,43.642463,41,55295
6,69,2,909,117.547727,0.826695,33,35,36,119,51.932893,49,47207
6,70,1,988,123.305087,0.816591,36,34,30,94,43.013158,41,42497
6,70,2,901,119.012193,0.799377,34,34,30,90,41.199778,39,37121
6,71,1,793,111.305087,0.804365,30,34,26,63,35.068096,34,27809
6,71,2,1357,139.539105,0.875786,39,46,32,86,45.263817,43,61423
6,72,1,762,106.133514,0.85008,30,32,30,97,41.80315,39,31854
6,72,2,821,111.59798,0.828401,32,32,30,87,42.125457,39,34585
6,73,1,1049,127.012193,0.817136,38,34,23,84,35.100095,33,36820
6,73,2,873,112.083261,0.873258,34,32,22,71,33.508591,32,29253
6,74,1,1855,171.003571,0.797156,52,48,28,101,44.777898,43,83063
6,74,2,2380,208.267027,0.689518,66,56,26,89,39.938655,38,95054
6,75,1,1259,137.154329,0.84104,44,36,24,69,37.432089,36,47127
6,75,2,1195,135.204581,0.821476,40,38,30,120,43.322176,41,51770
6,76,1,1149,130.7193,0.844988,40,34,28,94,42.713664,41,49078
6,76,2,1060,126.911688,0.827013,38,36,29,119,41.534906,39,44027
6,77,1,1548,151.790368,0.844291,44,42,31,90,46.978682,45,72723
6,77,2,1570,154.811183,0.823199,46,44,31,94,50.592994,49,79431
6,78,1,1126,132.083261,0.811059,36,40,32,86,43.064831,41,48491
6,78,2,1355,141.740115,0.847547,42,40,35,92,48.043542,46,65099
6,79,1,1010,123.204581,0.836137,36,36,21,68,29.246535,27,29539
6,79,2,998,122.426407,0.836739,34,36,21,56,30.285571,29,30225
6,80,1,1627,157.447222,0.82476,42,48,23,96,36.268593,34,59009
6,80,2,1954,175.296465,0.799076,46,56,22,105,39.305527,38,76803
6,81,1,1183,128.468037,0.90075,40,38,20,86,34.936602,33,41330
6,81,2,1436,142.175144,0.892723,42,43,22,84,35.463788,33,50926
6,82,1,942,115.790368,0.882909,32,36,21,91,35.657113,34,33589
6,82,2,840,111.154329,0.854351,33,34,21,84,34.755952,32,29195
6,83,1,892,118.133514,0.803209,36,32,16,109,34.642377,33,30901
6,83,2,940,116.376154,0.872187,38,30,17,86,36.157447,36,33988
6,84,1,668,98.769553,0.860479,27,30,17,58,25.085329,24,16757
6,84,2,621,93.355339,0.895412,26,28,16,58,23.1562,22,14380
6,85,1,924,114.7193,0.882285,32,34,19,71,32.093074,31,29654
6,85,2,1000,119.497475,0.88002,34,36,23,93,36.611,35,36611
6,86,1,810,111.305087,0.821608,28,36,24,98,33.911111,32,27468
6,86,2,850,113.740115,0.82566,36,32,18,84,33.034118,31,28079
6,87,1,1112,124.275649,0.904779,38,36,19,108,28.295863,25,31465
6,87,2,1225,138.426407,0.803356,38,40,20,80,26.804898,25,32836
6,88,1,1356,139.689863,0.873252,40,42,19,87,31.912979,31,43274
6,88,2,1282,142.033009,0.798582,40,42,20,65,29.637285,28,37995
6,89,1,1272,141.932504,0.793475,44,40,20,69,32.117925,29,40854
6,89,2,1123,128.568542,0.853729,34,42,20,117,32.129118,31,36081
6,90,1,1090,129.154329,0.821142,42,34,20,101,36.316514,36,39585
6,90,2,1131,127.689863,0.871685,42,34,14,95,35.573828,35,40234
6,91,1,833,111.890873,0.836114,30,34,20,90,33.142857,31,27608
6,91,2,821,108.376154,0.878386,34,30,19,87,33.717418,31,27682
6,92,1,778,106.426407,0.863159,30,32,21,85,29.570694,27,23006
6,92,2,770,107.254834,0.841137,34,29,19,106,29.909091,27,23030
6,93,1,1210,130.618795,0.891218,34,42,20,74,29.816529,29,36078
6,93,2,1465,154.225397,0.773991,44,46,17,102,34.939249,35,51186
6,94,1,859,113.547727,0.837233,32,34,19,104,35.954598,33,30885
6,94,2,804,108.083261,0.864866,32,32,20,104,34.590796,32,27811
6,95,1,1257,142.811183,0.774499,42,42,19,77,28.918854,28,36351
6,95,2,1231,135.689863,0.840181,42,38,20,85,30.88221,30,38016
6,96,1,1201,133.154329,0.851221,40,38,21,78,31.975021,31,38402
6,96,2,1139,131.254834,0.830812,38,37,22,68,32.786655,32,37344
6,97,1,1005,120.961941,0.863134,34,36,20,64,28.724378,27,28868
6,97,2,1070,124.568542,0.866517,38,36,18,63,28.802804,29,30819
6,98,1,1071,128.669048,0.812926,38,36,18,74,24.29972,23,26025
6,98,2,1056,127.890873,0.811325,36,36,18,67,23.977273,23,25320
6,99,1,1223,139.497475,0.789775,38,42,22,76,33.511038,32,40984
6,99,2,1187,135.497475,0.812453,36,42,22,81,34.686605,33,41173
6,100,1,1499,157.053824,0.763685,46,46,24,115,38.03469,35,57014
6,100,2,1372,143.204581,0.840718,46,36,21,120,37.655248,35,51663
